{"farClipRatio":20.0,"fov":45.0,"nearClipRatio":0.005,"projectionMode":"Perspective","viewMat":[0.391653895378113,7.91624188423157e-09,-0.920112311840057,0.422657430171967,0.20389062166214,-0.975139141082764,0.0867881402373314,0.897231101989746,-0.897235631942749,-0.221593335270882,-0.381917387247086,-5.46079349517822,0.0,0.0,0.0,1.0],"windowHeight":720,"windowWidth":1280}
